<litepal>

    <dbname value="tuyou"/>

    <version value="1" />

    <list>
        <mapping class="com.example.a99544.uidemo.db.Area"/>
        <mapping class="com.example.a99544.uidemo.db.Draft"/>
        <mapping class="com.example.a99544.uidemo.db.Guides"/>
        <mapping class="com.example.a99544.uidemo.db.Recommend"/>
        <mapping class="com.example.a99544.uidemo.db.Share"/>
        <mapping class="com.example.a99544.uidemo.db.Spot"/>
        <mapping class="com.example.a99544.uidemo.db.Theme"/>
    </list>
</litepal>